{
  "minecraft:recipes/tools/fishing_rod": {
    "criteria": {
      "has_string": "2025-06-02 05:49:49 -0700"
    },
    "done": true
  },
  "minecraft:recipes/decorations/stone_brick_walls_from_stone_stonecutting": {
    "criteria": {
      "has_stone": "2025-06-02 05:54:43 -0700"
    },
    "done": true
  },
  "minecraft:recipes/combat/bow": {
    "criteria": {
      "has_string": "2025-06-02 05:49:49 -0700"
    },
    "done": true
  },
  "minecraft:recipes/building_blocks/stone_brick_stairs_from_stone_stonecutting": {
    "criteria": {
      "has_stone": "2025-06-02 05:54:43 -0700"
    },
    "done": true
  },
  "minecraft:recipes/building_blocks/white_wool_from_string": {
    "criteria": {
      "has_string": "2025-06-02 05:49:49 -0700"
    },
    "done": true
  },
  "minecraft:recipes/transportation/dark_oak_boat": {
    "criteria": {
      "in_water": "2025-06-02 06:15:36 -0700"
    },
    "done": true
  },
  "minecraft:recipes/building_blocks/stone_stairs_from_stone_stonecutting": {
    "criteria": {
      "has_stone": "2025-06-02 05:54:43 -0700"
    },
    "done": true
  },
  "minecraft:recipes/building_blocks/stone_bricks": {
    "criteria": {
      "has_stone": "2025-06-02 05:54:43 -0700"
    },
    "done": true
  },
  "minecraft:recipes/building_blocks/stone_bricks_from_stone_stonecutting": {
    "criteria": {
      "has_stone": "2025-06-02 05:54:43 -0700"
    },
    "done": true
  },
  "minecraft:recipes/decorations/loom": {
    "criteria": {
      "has_string": "2025-06-02 05:49:49 -0700"
    },
    "done": true
  },
  "minecraft:recipes/redstone/tripwire_hook": {
    "criteria": {
      "has_string": "2025-06-02 05:49:49 -0700"
    },
    "done": true
  },
  "minecraft:recipes/decorations/stonecutter": {
    "criteria": {
      "has_stone": "2025-06-02 05:54:43 -0700"
    },
    "done": true
  },
  "minecraft:recipes/building_blocks/stone_stairs": {
    "criteria": {
      "has_stone": "2025-06-02 05:54:43 -0700"
    },
    "done": true
  },
  "minecraft:adventure/adventuring_time": {
    "criteria": {
      "minecraft:jungle_edge": "2025-06-02 06:26:49 -0700",
      "minecraft:cold_ocean": "2025-06-02 06:20:00 -0700",
      "minecraft:forest": "2025-06-02 05:09:12 -0700",
      "minecraft:mountains": "2025-06-02 06:14:50 -0700",
      "minecraft:taiga": "2025-06-02 05:09:48 -0700",
      "minecraft:desert_hills": "2025-06-02 06:33:35 -0700",
      "minecraft:deep_cold_ocean": "2025-06-02 06:25:24 -0700",
      "minecraft:taiga_hills": "2025-06-02 05:09:50 -0700",
      "minecraft:desert": "2025-06-02 06:23:25 -0700",
      "minecraft:deep_frozen_ocean": "2025-06-02 06:25:26 -0700",
      "minecraft:jungle": "2025-06-02 06:26:50 -0700",
      "minecraft:birch_forest": "2025-06-02 06:16:58 -0700",
      "minecraft:jungle_hills": "2025-06-02 06:27:17 -0700",
      "minecraft:bamboo_jungle": "2025-06-02 06:27:14 -0700",
      "minecraft:savanna_plateau": "2025-06-02 06:24:07 -0700",
      "minecraft:beach": "2025-06-02 05:09:20 -0700",
      "minecraft:dark_forest": "2025-06-02 06:17:04 -0700",
      "minecraft:river": "2025-06-02 05:09:19 -0700",
      "minecraft:lukewarm_ocean": "2025-06-02 06:40:33 -0700",
      "minecraft:birch_forest_hills": "2025-06-02 06:17:56 -0700",
      "minecraft:wooded_mountains": "2025-06-02 06:19:23 -0700",
      "minecraft:bamboo_jungle_hills": "2025-06-02 06:27:02 -0700",
      "minecraft:wooded_hills": "2025-06-02 06:18:24 -0700",
      "minecraft:stone_shore": "2025-06-02 06:14:51 -0700",
      "minecraft:swamp": "2025-06-02 06:31:43 -0700",
      "minecraft:savanna": "2025-06-02 06:24:04 -0700",
      "minecraft:plains": "2025-06-02 05:08:14 -0700"
    },
    "done": false
  },
  "minecraft:recipes/building_blocks/smooth_stone": {
    "criteria": {
      "has_stone": "2025-06-02 05:54:43 -0700"
    },
    "done": true
  },
  "minecraft:recipes/decorations/chest": {
    "criteria": {
      "has_lots_of_items": "2025-06-02 05:49:49 -0700"
    },
    "done": true
  },
  "minecraft:recipes/transportation/birch_boat": {
    "criteria": {
      "in_water": "2025-06-02 06:15:36 -0700"
    },
    "done": true
  },
  "minecraft:recipes/building_blocks/stone_slab_from_stone_stonecutting": {
    "criteria": {
      "has_stone": "2025-06-02 05:54:43 -0700"
    },
    "done": true
  },
  "minecraft:recipes/building_blocks/chiseled_stone_bricks_stone_from_stonecutting": {
    "criteria": {
      "has_stone": "2025-06-02 05:54:43 -0700"
    },
    "done": true
  },
  "minecraft:recipes/redstone/stone_button": {
    "criteria": {
      "has_stone": "2025-06-02 05:54:43 -0700"
    },
    "done": true
  },
  "minecraft:recipes/transportation/acacia_boat": {
    "criteria": {
      "in_water": "2025-06-02 06:15:36 -0700"
    },
    "done": true
  },
  "minecraft:recipes/combat/crossbow": {
    "criteria": {
      "has_string": "2025-06-02 05:49:49 -0700"
    },
    "done": true
  },
  "minecraft:recipes/transportation/oak_boat": {
    "criteria": {
      "in_water": "2025-06-02 06:15:36 -0700"
    },
    "done": true
  },
  "minecraft:recipes/building_blocks/stone_slab": {
    "criteria": {
      "has_stone": "2025-06-02 05:54:43 -0700"
    },
    "done": true
  },
  "minecraft:recipes/redstone/stone_pressure_plate": {
    "criteria": {
      "has_stone": "2025-06-02 05:54:43 -0700"
    },
    "done": true
  },
  "minecraft:recipes/redstone/redstone_lamp": {
    "criteria": {
      "has_glowstone": "2025-06-02 05:51:08 -0700"
    },
    "done": true
  },
  "minecraft:recipes/building_blocks/stone_brick_slab_from_stone_stonecutting": {
    "criteria": {
      "has_stone": "2025-06-02 05:54:43 -0700"
    },
    "done": true
  },
  "minecraft:recipes/transportation/jungle_boat": {
    "criteria": {
      "in_water": "2025-06-02 06:15:36 -0700"
    },
    "done": true
  },
  "minecraft:recipes/transportation/spruce_boat": {
    "criteria": {
      "in_water": "2025-06-02 06:15:36 -0700"
    },
    "done": true
  },
  "DataVersion": 2586
}