{"stats":{"minecraft:picked_up":{"minecraft:wheat_seeds":1,"minecraft:soul_lantern":2,"minecraft:poppy":1,"minecraft:string":1},"minecraft:used":{"minecraft:soul_lantern":14,"minecraft:glowstone":52,"minecraft:purple_concrete":42,"minecraft:lime_concrete":76,"minecraft:light_blue_concrete":58,"minecraft:orange_concrete":258,"minecraft:grass_block":7,"minecraft:red_concrete":139,"minecraft:yellow_concrete":102,"minecraft:magenta_concrete":66,"minecraft:cyan_concrete":65,"minecraft:stone":1,"minecraft:blue_concrete":46},"minecraft:custom":{"minecraft:time_since_rest":59082,"minecraft:crouch_one_cm":247,"minecraft:play_one_minute":228262,"minecraft:sprint_one_cm":124,"minecraft:deaths":4,"minecraft:walk_one_cm":19689,"minecraft:sneak_time":1994,"minecraft:walk_under_water_one_cm":176460,"minecraft:jump":50,"minecraft:leave_game":9,"minecraft:walk_on_water_one_cm":3188,"minecraft:time_since_death":59051,"minecraft:climb_one_cm":180,"minecraft:fly_one_cm":17047167}},"DataVersion":2586}