{"stats":{"minecraft:picked_up":{"minecraft:wheat_seeds":1,"minecraft:soul_lantern":2,"minecraft:string":1},"minecraft:used":{"minecraft:soul_lantern":14,"minecraft:glowstone":52,"minecraft:purple_concrete":42,"minecraft:lime_concrete":76,"minecraft:light_blue_concrete":58,"minecraft:orange_concrete":258,"minecraft:grass_block":1,"minecraft:red_concrete":138,"minecraft:yellow_concrete":102,"minecraft:magenta_concrete":51,"minecraft:cyan_concrete":65,"minecraft:stone":1,"minecraft:blue_concrete":46},"minecraft:custom":{"minecraft:time_since_rest":76733,"minecraft:crouch_one_cm":247,"minecraft:play_one_minute":164883,"minecraft:sprint_one_cm":124,"minecraft:deaths":3,"minecraft:walk_one_cm":17885,"minecraft:sneak_time":1976,"minecraft:walk_under_water_one_cm":155079,"minecraft:jump":45,"minecraft:leave_game":6,"minecraft:walk_on_water_one_cm":2882,"minecraft:time_since_death":76706,"minecraft:climb_one_cm":180,"minecraft:fly_one_cm":11617671}},"DataVersion":2586}